System,Period (days),"V
B-V",Spectral type,Mass (Msun ),Radius (Rsun),Surface gravity (cgs),log Teff (K),log (L/Lsun),"[M/H]
(dex)",References and notes
V3903 Sgr,1.744,7.27,O7V(n),27.27,8.088,4.058,4.58,5.087,,Vaz et al. (1997A&A...327.1094V)
,,0.06,B0:V:,19.01,6.125,4.143,4.531,4.658,,
V467 Vel,2.753,10.9,O6_Vf,25.3,9.99,3.842,4.559,5.187,,Michalska et al. (2013MNRAS.429.1354M)
,,0,B1_V,8.25,3.49,4.268,4.402,3.649,,
CC Cas,3.366,7.08,O8.5_III(n,23.49,10.87,3.736,4.538,5.179,,Southworth & Bowman (2022MNRAS.513.3191S)
,,0.48,B0.5_V,9.95,6.84,3.766,4.452,4.474,,
EM Car,3.414,8.38,O7.5_V((f),22.89,9.35,3.856,4.531,5.02,,Andersen & Clausen (1989A&A...213..183A)
,,-0.31,O7.5_V((f),21.43,8.34,3.926,4.531,4.92,,
? Cir,3.902,5.09,O7_IV((f)),20,9.256,3.806,4.574,5.184,,Southworth & Bowman (2022MNRAS.513.3191S)
,,-0.06,B,11.41,5.326,4.043,4.519,4.339,,
DN Cas,2.311,9.93,O8.5_V,19.04,7.22,4,4.507,4.7,,Bak?? et al. (2016PASA...33...46B)
,,0.53,B0.2_V,13.73,5.79,4.27,4.447,4.27,,
V1292 Sco,4.24,7.57,O9.5_III,18.64,9.4,3.762,4.49,,,Rosu et al. (2022A&A...664A..98R)
,,0.14,B1-2_IV,7.7,3.69,4.19,4.336,,,
Y Cyg,2.996,7.32,O9.5_IV,17.72,5.785,4.161,4.521,,"0.00
± 0.00",Harmanec et al. (2014A&A...563A.120H)
,,-0.09,O9.5_IV,17.73,5.816,4.157,4.525,,,
V1034 Sco,2.441,8.47,O9.2_IV,17.01,7.513,3.917,4.508,4.738,"0.00
± 0.00","Pavlovski et al. (2023A&A...671A.139K)
Rosu et al. (2022A&A...664A..98R)"
,,-0.22,B1:_V,9.573,4.328,4.147,4.412,3.874,,
AH Cep,1.775,6.81,B0.5_V,16.14,6.51,4.019,4.487,4.53,"0.00
± 0.00","Pavlovski, Southworth & Tamajo (2018MNRAS.481.3129P)
Holmgren et al. (1990A&A...236..409H)"
,,0.3,B0.5_V,13.69,5.64,4.073,4.459,4.3,,
GL Car,2.422,9.7,B0.5_V,15.86,5.242,4.199,4.491,4.357,"0.00
± 0.00","Pavlovski et al. (2023A&A...671A.139K)
Gimenez & Clausen (1986A&A...161..275G)"
,,0.17,B1_V,14.95,4.968,4.22,4.483,4.278,,
V478 Cyg,2.881,8.63,O9.5_II,15.4,7.26,3.904,4.507,4.7,"0.00
± 0.00","Pavlovski, Southworth & Tamajo (2018MNRAS.481.3129P)
Popper & Hill (1991AJ....101..600P)"
,,-0.29,O9.5_III,15.02,7.15,3.907,4.502,4.67,,
V573 Car,1.469,9.52,O9.5V_(n),15.11,5.429,4.148,4.504,4.439,"0.00
± 0.00","Pavlovski et al. (2023A&A...671A.139K)
Freyhammer et al. (2001A&A...369..561F)"
,,0.11,B0.5V_(n),12.37,4.528,4.218,4.458,4.098,,
V578 Mon,2.408,8.54,B0_V,14.54,5.41,4.133,4.477,4.33,"0.00
± 0.00","Garcia et al. (2014AJ....148...39G)
Pavlovski, Southworth & Tamajo (2018MNRAS.481.3129P)"
,,0.17,B1:_V,10.29,4.29,4.185,4.411,3.86,,
V453 Cyg,3.89,8.29,B0.4_IV,13.96,8.665,3.708,4.459,4.666,"0.00
± 0.00","Southworth et al. (2020MNRAS.497L..19S)
Pavlovski, Southworth & Tamajo (2018MNRAS.481.3129P)"
,,0.18,B0.7_IV,11.1,5.25,4.044,4.442,4.163,,
OGLE-LMC-ECL-22270,5.414,14.03,none,13.21,8.48,3.702,4.417,4.478,,Taormina et al. (2020ApJ...890..137T)
,,-0.02,none,14.44,12.95,3.374,4.376,4.681,,
CW Cep,2.729,7.59,B0.5_V,13,5.45,4.079,4.452,,"0.00
± 0.00","Johnston et al. (2019A&A...628A..25J)
Clausen & Gimenez (1991A&A...241...98C)"
,,-0.28,B0.5_V,11.94,5.09,4.102,4.44,,,
V346 Cen,6.322,8.51,B0_IV,11.74,8.278,3.672,4.417,4.457,"0.00
± 0.00","Pavlovski et al. (2023A&A...671A.139K)
Mayer et al (2016A&A...591A.129M)"
,,-0.06,B1_V,8.359,4.123,4.13,4.352,3.594,,
V380 Cyg,12.426,5.68,B1.5_III,11.43,15.71,3.104,4.336,4.691,"0.03
± 0.10","Tkachenko et al. (2014MNRAS.438.3093T)
Tkachenko et al. (2012MNRAS.424L..21T)"
,,-0.06,B2_V,7,3.819,4.12,4.356,3.626,,
DW Car,1.328,9.68,B1_V,11.34,4.558,4.175,4.446,4.055,"0.00
± 0.00","Southworth & Clausen (2007A&A...461.1077S)
Clausen et al. (2007A&A...461.1065C)"
,,0.07,B1_V,10.63,4.297,4.198,4.423,3.915,,
QX Car,4.478,6.64,B2_V,9.267,4.289,4.14,4.377,3.72,,Andersen et al. (1983A&A...121..271A)
,,-0.23,B2_V,8.48,4.051,4.151,4.354,3.58,,
V1388 Ori,2.187,7.5,B2.5_IV,7.237,5.301,3.849,4.279,3.65,,"Southworth (2022Obs...142..161S)
Williams (2009AJ....137.3222W)"
,,-0.06,B3_V,5.028,3.144,4.144,4.23,3.018,,
V436 Per,25.936,5.52,B1.5_V,6.88,3.415,4.209,4.332,3.351,,Southworth & Bowman (2022MNRAS.513.3191S)
,,-0.18,B1.5_V,7.348,3.745,4.157,4.342,3.471,,
V539 Ara,3.169,5.71,B3_V,6.239,4.551,3.917,4.258,3.302,,"Southworth & Bowman (2022MNRAS.513.3191S)
Clausen (1996A&A...308..151C)"
,,-0.19,B4_V,5.313,3.575,4.057,4.233,2.993,,
CV Vel,6.889,6.69,B2.5_V,6.067,4.08,4,4.255,3.204,"0.00
± 0.00",Albrecht et al. (2014ApJ...785...83A)
,,-0.19,B2.5_V,5.952,3.94,4.021,4.25,3.137,,
DI Her,10.55,8.42,B5_V,5.185,2.68,4.297,4.23,2.73,,"Popper (1982ApJ...254..203P)
Albrecht et al. (2009Natur.461..373A)"
,,-0.18,B5_V,4.534,2.477,4.307,4.179,2.46,,
U Oph,1.678,5.91,B5_V,5.09,3.44,4.073,4.22,,"0.00
± 0.00","Johnston et al. (2019A&A...628A..25J)
Vaz, Andersen & Claret (2007A&A...469..285V)"
,,-0.18,B6_V,4.58,3.05,4.131,4.183,,,
EP Cru,11.077,8.69,B5_V,5.02,3.59,4.028,4.196,,,Albrecht et al. (2013ApJ...767...32A)
,,-0.04,B5_V,4.83,3.495,4.035,4.188,,,
V760 Sco,1.731,6.99,B4_V,4.98,3.013,4.177,4.228,2.82,,Andersen et al. (1985A&A...151..329A)
,,-0.17,B4_V,4.62,2.64,4.259,4.21,2.63,,
ASAS J180057-2333.8,269.496,10.34,K1_II,4.914,52.12,1.696,3.657,3.013,"-0.14
± 0.10",Suchomska et al. (2015MNRAS.451..651S)
,,1.6,K4_II,4.875,67.63,1.466,3.624,3.111,,
MU Cas,9.653,10.8,B5_V,4.57,3.67,3.969,4.179,2.8,,Lacy et al. (2004AJ....128.1840L)
,,0.3,B5_V,4.66,4.19,3.861,4.169,2.88,,
OGLE SMC108.1 14904,185.218,15.21,F9_II,4.416,46.95,1.74,3.754,3.313,"-0.79
± 0.15","Graczyk et al. (2014ApJ...780...59G)
Member of the SMC"
,,0.86,G7_II,4.429,64.05,1.472,3.695,3.346,,
OGLE-LMC-ECL-06575,189.994,15.81,G6_II-III,4.167,43.93,1.773,3.692,3.009,"-0.46
± 0.10","Graczyk et al. (2018ApJ...860....1G)
Pietrzynski et al. (2013Natur.495...76P)"
,,1.2,K0_III,3.989,46.75,1.699,3.667,2.963,,
OGLE-LMC-CEP-00227,309.669,15.2,F7_Ib-II,4.15,34.87,1.97,3.778,3.15,,"Pilecki et al. (2018ApJ...862...43P)
Pilecki et al. (2013MNRAS.436..953P)"
,,0.6,G4_II,4.06,44.79,1.743,3.708,3.09,,
GG Lup,1.85,5.59,B7_V,4.116,2.379,4.301,4.169,2.38,,Andersen et al. (1993A&A...277..439A)
,,-0.16,B9_V,2.509,1.725,4.364,4.041,1.59,,
OGLE-LMC-ECL-13360,262.439,15.82,G1_II-III,3.95,30.46,2.067,3.74,2.882,"-0.30
± 0.10","Graczyk et al. (2018ApJ...860....1G)
member of the LMC"
,,1.07,G4_II-III,4.06,39.46,1.854,3.706,2.972,,
? Phe,1.67,3.95,B6_V,3.908,2.835,4.125,4.158,2.49,,"Southworth (2020Obs...140..247S)
Andersen (1983A&A...118..255A)"
,,-0.15,B8_V,2.536,1.885,4.292,4.079,1.82,,
OGLE-SMC-ECL-3678,187.843,15.56,F2_II,3.83,31.2,2.03,3.823,3.234,"-0.78
± 0.08","Graczyk et al. (2020ApJ...904...13G)
Member of the SMC"
,,0.67,G6_II,3.73,42.6,1.75,3.697,3.003,,
OGLE-LMC-CEP-01812,551.776,16.69,F7_II,3.76,17.85,2.509,3.787,2.61,,"Pilecki et al. (2018ApJ...862...43P)
member of the LMC, primary is a Cepheid variable"
,,0.64,G4_III,2.62,11.83,2.709,3.713,1.95,,
V413 Ser,2.26,8,B8_V,3.68,3.21,3.9914,4.045,2.149,,Çakirli et al. (2008MNRAS.389..205C)
,,0.58,B9_V,3.36,2.93,4.031,4.015,1.949,,
?2 Hya,2.268,5.65,B8_V,3.613,4.384,3.712,4.066,2.5,,Clausen & Nordström (1978A&A....67...15C)
,,-0.09,B8_V,2.638,2.165,4.188,4.041,1.79,,
OGLE-LMC-CEP-04506,1550.354,15.5,F7_Ib,3.61,28.5,2.087,3.787,3.01,,"Pilecki et al. (2018ApJ...862...43P)
Gieren et al. (2015ApJ...815...28G)"
,,0.5,F7_Ib-II,3.52,26.4,2.142,3.783,2.93,,
OGLE-LMC-SC9-230659,772.638,16.63,G6_III,3.598,32.83,1.962,3.699,2.783,"-0.24
± 0.11","Graczyk et al. (2018ApJ...860....1G)
member of the LMC"
,,1.09,G6_III,3.429,23.4,2.235,3.702,2.5,,
OGLE-LMC-ECL26122,771.781,16.63,none,3.593,32.71,1.964,3.698,,"-0.15
± +0.10","Pietrzynski et al. (2013Natur.495...76P)
Member of the LMC"
,,0.82,none,3.411,22.99,2.248,3.699,,,
OGLE-LMC-ECL-01866,251.247,16.13,G3_III,3.56,26.79,2.134,3.724,2.708,"-0.49
± 0.17","Graczyk et al. (2018ApJ...860....1G)
Pietrzynski et al. (2013Natur.495...76P)"
,,1.17,K1.5_III,3.55,47.11,1.642,3.653,2.912,,
IQ Per,1.744,7.73,B8_V,3.521,2.446,4.208,4.09,2.09,,Lacy & Frueh (1985ApJ...295..569L)
,,-0.11,A6_V,1.737,1.503,4.323,3.885,0.85,,
OGLE SMC113.3 4007,371.768,15.81,G8_III,3.504,45.8,1.66,3.681,3,"-0.50
± 0.00","Graczyk et al. (2012ApJ...750..144G)
[Fe/H] comes from its membership of the SMC"
,,0.88,G8_III,3.561,48.4,1.62,3.682,3.053,,
OGLE-LMC-ECL-10567,117.975,16.43,G6_III,3.333,24.6,2.179,3.705,2.555,"-0.70
± 0.10","Graczyk et al. (2018ApJ...860....1G)
Pietrzynski et al. (2013Natur.495...76P)"
,,1.09,G9_III,3.184,36.64,1.813,3.673,2.777,,
OGLE-LMC-ECL-09114,214.366,16.71,G4_III,3.304,26.33,2.116,3.719,2.669,"-0.38
± 0.12","Graczyk et al. (2018ApJ...860....1G)
Pietrzynski et al. (2013Natur.495...76P)"
,,1.03,G2_III,3.205,18.79,2.396,3.734,2.439,,
V906 Sco,2.786,5.96,B9_V,3.253,3.515,3.858,4.029,2.162,,Alencar et al. (1997A&A...326..709A)
,,-0.01,B9_V,3.378,4.521,3.656,4.017,2.33,,
? Cen,38.813,4.05,A0_IV,3.187,3.814,3.779,4.019,2.147,,"Gallenne et al. (2019A&A...632A..31G)
Bruntt et al. (2006A&A...456..651B)"
,,0.03,none,1.961,1.896,4.175,3.944,1.244,,
? Dra,51.417,3.68,A0_III,3.186,4.932,3.555,4.01,2.38,"0.01
± 0.05","Pavlovski et al. (2022A&A...658A..92P)
Hey et al. (2022MNRAS.511.2648H)"
,,0.04,none,2.431,2.326,4.09,3.997,1.667,,
V414 Pup,4.749,8.81,ApSi,3.155,2.781,4.049,4.114,,,"Kochukhov et al. (2018MNRAS.478.1749K)
Niemczura et al. (2017NatSR...7.5906N)"
,,-0.05,Am,1.751,1.39,4.395,3.954,,,
OGLE-LMC-ECL-21873,144.188,16.79,G4_III,2.984,20.26,2.3,3.721,2.453,"-0.28
± 0.12","Graczyk et al. (2018ApJ...860....1G)
member of the LMC"
,,1.06,G6_III,3.093,24.67,2.144,3.704,2.554,,
OGLE-LMC-ECL-09660,167.796,16.27,G3_III,2.981,23.66,2.165,3.72,2.583,"-0.46
± 0.10","Graczyk et al. (2018ApJ...860....1G)
Pietrzynski et al. (2013Natur.495...76P)"
,,1.19,K0_III,2.997,44.4,1.62,3.671,2.932,,
OGLE-LMC-ECL-18836,182.553,17.43,G5_III,2.858,15.95,2.489,3.712,2.21,"-0.40
± 0.10","Graczyk et al. (2018ApJ...860....1G)
member of the LMC"
,,1.29,K1_III,2.784,30.87,1.904,3.663,2.587,,
OGLE-LMC-ECL-13529,49.467,17.36,G4_III,2.857,17.03,2.432,3.724,2.312,"-0.18
± 0.14","Graczyk et al. (2018ApJ...860....1G)
member of the LMC"
,,1.01,G4_III,2.81,15.98,2.48,3.721,2.246,,
V348 And,27.703,6.6,B9_V,2.81,2.42,4.12,4.02,,,Zasche et al. (2019AJ....158...95Z)
,,0.11,none,2.69,2.34,4.13,4.02,,,
V402 Lac,3.782,6.73,B8_V,2.8,2.38,4.132,4.054,1.93,,Baroch et al. (2022A&A...665A..13B)
,,-0.04,B8_V,2.78,2.36,4.136,4.052,1.91,,
V451 Oph,2.197,7.87,B9_V,2.776,2.64,4.038,4.033,1.93,,Clausen et al. (1986A&A...167..287C)
,,-0.08,A0_V,2.356,2.028,4.196,3.991,1.53,,
PV Cas,1.75,9.74,B9.5_V,2.76,2.256,4.17,4.008,1.69,,Barembaum & Etzel (1995AJ....109.2680B)
,,0.17,B9.5_V,2.81,2.297,4.17,4.008,1.71,,
OGLE-LMC-ECL-24887,94.844,17.68,G5_III,2.747,16.43,2.446,3.71,2.225,"-0.22
± 0.12","Graczyk et al. (2018ApJ...860....1G)
member of the LMC"
,,1.16,G6_III,2.976,17.83,2.409,3.705,2.276,,
OGLE-SMC-ECL-1421,102.834,17.18,G2_III,2.72,17.7,2.37,3.732,2.38,"-1.05
± 0.11","Graczyk et al. (2020ApJ...904...13G)
Graczyk et al. (2014ApJ...780...59G)"
,,0.77,G6_III,2.85,23.8,2.14,3.701,2.512,,
OGLE-LMC-ECL-05430,505.183,16.61,G9_III,2.717,28.99,1.948,3.673,2.572,"-0.37
± 0.10","Graczyk et al. (2018ApJ...860....1G)
member of the LMC"
,,1.2,G9_III,3.374,34.64,1.887,3.678,2.744,,
OGLE-SMC-ECL-0727,316.572,18.11,G3_III,2.68,14.6,2.53,3.724,2.182,"-0.89
± 0.08","Graczyk et al. (2020ApJ...904...13G)
Member of the SMC"
,,1.04,G8_III,2.57,20.4,2.23,3.684,2.31,,
HD 96609,8.192,8.61,B9,2.66,2.74,3.987,3.985,1.76,"0.02
± 0.06","Özdarcan (2022MNRAS.509.1912O)
Metallicity comes from membership of NGC 3532"
,,0.02,none,1.84,1.697,4.243,3.952,1.22,,
V4089 Sgr,4.627,6,A2_IV,2.584,3.964,3.654,3.926,,,"Graczyk et al. (2017ApJ...837....7G)
Veramundi & González (2015NewA...34..266V)"
,,0.09,A3_V,1.607,1.605,4.233,3.867,,,
OGLE-SMC-ECL-1859,75.544,17.69,G0_III,2.58,16.2,2.43,3.744,2.35,"-0.21
± 0.22","Graczyk et al. (2020ApJ...904...13G)
Member of the SMC"
,,0.92,G7_III,2.48,18.7,2.29,3.695,2.276,,
OGLE-SMC-ECL-2876,120.867,17.49,G0_III,2.56,16.5,2.41,3.745,2.371,"-0.43
± 0.08","Graczyk et al. (2020ApJ...904...13G)
Member of the SMC"
,,0.5,G4_III,2.51,17.3,2.36,3.712,2.279,,
AR Aur,4.135,6.17,B9_V,2.544,1.799,4.333,4.039,1.61,,"Hubrig et al. (2012A&A...547A..90H)
Nordström & Johansen (1994A&A...282..787N)"
,,0.04,B9_V,2.358,1.834,4.284,4.015,1.53,,
WX Cep,3.378,9.03,A2_V,2.539,3.994,3.64,3.911,1.8,,Popper (1987AJ.....93..672P)
,,0.11,A5_V,2.329,2.711,3.939,3.949,1.62,,
TZ Men,8.57,6.19,A0_V,2.487,2.016,4.225,4.017,1.63,,Andersen et al. (1987A&A...175...60A)
,,-0.06,A8_V,1.504,1.432,4.303,3.857,0.69,,
V1031 Ori,3.406,6.02,A3_V,2.473,4.321,3.56,3.895,1.8,,Andersen et al. (1990A&A...228..365A)
,,0.18,A6_V,2.286,2.977,3.85,3.924,1.6,,
OGLE-SMC-ECL-2761,150.364,17.3,F9_III,2.44,17.3,2.35,3.751,2.431,"-0.73
± 0.09","Graczyk et al. (2020ApJ...904...13G)
Member of the SMC"
,,0.82,G0_III,2.38,17.5,2.33,3.747,2.428,,
OGLE-LMC-ECL-09678,114.45,17.22,G4_III,2.4,13.77,2.54,3.719,2.107,"-0.38
± 0.16","Graczyk et al. (2018ApJ...860....1G)
member of the LMC"
,,1.2,G9_III,2.549,30.6,1.873,3.673,2.616,,
V396 Cas,5.505,9.56,A1_V,2.398,2.592,3.99,3.965,1.642,,Lacy et al. (2004AJ....128.3005L)
,,0.06,A3_V,1.901,1.779,4.216,3.932,1.183,,
? Aur,3.96,1.89,A1_Vm,2.376,2.762,3.932,3.971,1.721,,Southworth et al. (2007A&A...467.1215S)
,,0.04,A1_Vm,2.291,2.568,3.979,3.964,1.63,,
OGLE-SMC-ECL-3529,234.326,17.12,F8_III,2.36,12.6,2.61,3.766,2.22,"-0.93
± 0.10","Graczyk et al. (2020ApJ...904...13G)
Member of the SMC"
,,0.8,G3_III,2.48,21.1,2.18,3.723,2.498,,
GG Ori,6.631,10.43,A2_V,2.342,1.852,4.272,3.998,1.48,,Torres et al. (2000AJ....120.3226T)
,,0.49,A2_V,2.338,1.83,4.282,3.998,1.47,,
V541 Cyg,15.338,10.44,B9.5_V,2.335,1.859,4.2675,4.027,1.601,,Torres et al. (2017ApJ...836..177T)
,,-0.06,B9.5_V,2.26,1.808,4.277,4.015,1.528,,
V364 Lac,7.352,8.36,A7_m,2.333,3.307,3.767,3.917,1.657,,Torres et al. (1999AJ....118.1831T)
,,0.18,A7_m,2.296,2.985,3.849,3.929,1.62,,
SZ Cen,4.108,8.48,A7_V,2.317,4.554,3.486,3.875,1.77,,Grønbech et al. (1977A&A....55..401G)
,,0.22,A7_V,2.277,3.624,3.677,3.892,1.64,,
V624 Her,3.895,6.2,A3_Vm,2.282,3.03,3.834,3.911,1.56,,Popper (1984AJ.....89.1057P)
,,0.14,A7_V,1.881,2.209,4.024,3.9,1.24,,
V1229 Tau,2.46,6.84,A0_V,2.273,1.799,4.285,4.009,1.499,#ERROR!,"Southworth et al. (2023MNRAS.520L..53S)
quoted metallicity is for the Pleiades open cluster"
,,0.08,A_Vm,1.595,1.41,4.342,3.885,0.792,,
OGLE-SMC-ECL-0439,279.266,18.06,G2_III,2.27,14.5,2.47,3.72,2.158,"-1.25
± 0.08","Graczyk et al. (2020ApJ...904...13G)
Member of the SMC"
,,0.9,G2_III,2.29,15.4,2.42,3.721,2.215,,
YZ Cas,4.467,5.64,A1_Vm,2.263,2.525,3.988,3.979,1.672,#ERROR!,Pavlovski et al. (2014MNRAS.438..590P)
,,0.03,F2_V,1.325,1.331,4.311,3.838,0.552,,
OT And,20.853,7.89,A0_V,2.253,3.167,3.79,3.903,1.568,,Fekel et al. (2022AJ....164..224F)
,,0.38,F5_V,2.147,2.649,3.92,3.911,1.447,,
CoRoT 105906206,3.695,11.78,none,2.25,4.24,3.53,3.829,1.53,#ERROR!,"da Silva et al. (2014A&A...565A..55D)
The primary star is a ? Scuti pulsator"
,,0.7,none,1.29,1.34,4.3,3.789,0.36,,
SW CMa,10.092,9.72,A4_m,2.239,3.014,3.8298,3.914,1.566,#ERROR!,"Torres et al. (2012A&A...537A.117T)
Clausen et al. (2008A&A...487.1081C)"
,,0.13,A5_m,2.104,2.495,3.967,3.908,1.38,,
OGLE-LMC-ECL-25658,192.789,17,G8_III,2.231,21.4,2.126,3.685,2.354,"-0.48
± 0.13","Graczyk et al. (2018ApJ...860....1G)
member of the LMC"
,,1.17,G9_III,2.23,27.61,1.904,3.674,2.533,,
GZ CMa,4.801,7.98,A3_Vm,2.206,2.492,3.989,3.945,1.53,,Popper et al. (1985AJ.....90.1324P)
,,0.06,A4:_V,2.005,2.131,4.083,3.931,1.33,,
EG Ser,9.947,9.24,A2_V,2.2,1.761,4.29,3.944,1.22,,"Thurman (2023MNRAS.522.1310T)
Popper (1986PASP...98.1312P)"
,,0.17,A4_V,1.99,1.634,4.31,3.92,1.06,,
PT Vel,1.802,7.03,A0_V,2.198,2.094,4.138,3.966,1.461,,Bakis et al. (2008MNRAS.384.1657B)
,,0.05,A8_V,1.626,1.559,4.263,3.883,0.875,,
V1647 Sgr,3.283,6.94,A1_V,2.189,1.831,4.253,3.982,1.41,,Andersen & Giménez (1985A&A...145..206A)
,,-0.01,A1_V,1.972,1.666,4.289,3.959,1.23,,
KIC 9246715,171.277,9.58,none,2.1869,8.49,2.92,3.689,1.567,#ERROR!,"He?miniak et al. (2019MNRAS.484..451H)
Rawls et al. (2016ApJ...818..108R)"
,,1.05,none,2.1598,8.2,2.945,3.691,1.543,,
FT Ori,3.15,9.26,A0_Vm,2.182,1.86,4.237,3.982,1.486,,Sabby et al. (2011AJ....141..195S)
,,0.1,A2_Vm,1.783,1.616,4.272,3.935,1.179,,
V889 Aql,11.121,8.58,B9.5_V,2.17,1.87,4.23,3.964,1.354,,Baroch et al. (2022A&A...665A..13B)
,,0.19,B9.5_V,2.13,1.85,4.23,3.958,1.32,,
EE Peg,2.628,6.97,A3_m,2.151,2.09,4.131,3.94,1.352,,"Lacy & Popper (1984ApJ...281..268L)
Torres et al. (2010A&ARv..18...67T)"
,,0.08,F5_V,1.332,1.312,4.327,3.81,0.427,,
V335 Ser,3.45,7.49,A1_V,2.147,2.03,4.155,3.955,1.39,,Lacy et al. (2012AJ....144...63S)
,,0.14,A3_V,1.906,1.73,4.241,3.93,1.15,,
V596 Pup,4.596,6.58,A1_V,2.101,2.167,4.089,3.978,1.54,,Andersen et al. (1984A&A...134..147A)
,,0,A1_V,2.099,2.167,4.088,3.978,1.54,,
TZ For,75.666,6.88,G8_III,2.057,8.34,2.915,3.693,1.57,#ERROR!,"Gallenne et al. (2016A&A...586A..35G)
Andersen et al. (1991A&A...246...99A)"
,,0.97,F7_III,1.958,3.97,3.539,3.803,1.36,,
TV Nor,8.524,9,none,2.053,1.839,4.221,3.96,1.325,,North et al. (1997A&A...324..137N)
,,0.3,none,1.665,1.55,4.278,3.892,0.902,,
OGLE-BLG-ECL-123903,118.531,16.9,K2_III,2.045,9.54,2.79,3.679,1.633,#ERROR!,Suchomska et al. (2019A&A...621A..93S)
,,0.99,K2_III,2.074,9.052,2.841,3.68,1.591,,
EK Cep,4.428,7.87,A2_V,2.029,1.579,4.349,3.954,1.17,#ERROR!,"Popper (1987ApJ...313L..81P)
Martín & Rebolo (1993A&A...274..274M)"
,,0.04,G5_Vp,1.124,1.315,4.251,3.756,0.21,,
V459 Cas,8.458,10.37,A1_m,2.02,2.009,4.136,3.961,1.41,,Lacy et al. (2004AJ....128.1340L)
,,0.2,A1_m,1.96,1.965,4.144,3.959,1.38,,
V885 Cyg,1.695,10.03,A3_m,2.005,2.345,4,3.923,1.38,,Lacy et al. (2004AJ....128.1324L)
,,0.15,A4_m,2.234,3.385,3.728,3.911,1.66,,
VV Crv,3.145,5.27,F5_IV,1.978,3.375,3.678,3.813,1.261,,"Fekel, Henry & Sowell (2013AJ....146..146F)"
,,0.42,F5_V,1.513,1.65,4.183,3.822,0.676,,
KW Hya,7.75,6.11,A5_Vm,1.975,2.124,4.079,3.903,1.221,,"Gallenne et al. (2019A&A...632A..31G)
Andersen & Vaz (1984A&A...130..102A)"
,,0.17,F0_V,1.487,1.439,4.27,3.843,0.64,,
V2365 Oph,4.866,8.859,A1_V,1.965,2.19,4.051,3.978,1.544,,Ibanoglu et al. (2008MNRAS.384..331I)
,,0.257,none,1.056,0.934,4.521,3.806,0.121,,
WW Aur,2.525,5.87,A4_Vm,1.964,1.927,4.162,3.901,1.129,,Southworth et al. (2005MNRAS.363..529S)
,,0.14,A5_Vm,1.814,1.841,4.167,3.885,1.023,,
V788 Cen,4.966,5.74,A7_IV,1.9621,2.733,3.858,3.893,1.401,#ERROR!,Graczyk et al. (2022A&A...666A.128G)
,,0.25,A9_V,1.5463,1.642,4.197,3.87,0.864,,
AI Hya,8.29,9.36,F2_m,1.95,2.754,3.848,3.886,1.381,#ERROR!,"Kahraman Aliçavus et al. (2023MNRAS.520.1601K)
Lee et al. (2020PASJ...72...37L)"
,,0.36,F0_V,2.096,3.863,3.586,3.856,1.554,,
RR Lyn,9.945,5.54,A6_IVm,1.9394,2.564,3.9078,3.89,1.334,,"Southworth (2021Obs...141..282S)
Tomkin & Fekel (2006AJ....131.2652T)"
,,0.22,F0_Vm:,1.51,1.613,4.2017,3.856,0.795,,
V362 Pav,2.748,7.4,A4_V,1.936,2.1931,4.043,3.914,1.292,#ERROR!,Graczyk et al. (2022A&A...666A.128G)
,,0.18,K,0.8767,0.8428,4.53,3.695,-0.409,,
WW Cam,2.274,10.14,A4_Vm,1.92,1.911,4.159,3.922,1.2,,Lacy et al. (2002AJ....123.1013L)
,,0.47,A4_Vm,1.873,1.808,4.196,3.916,1.13,,
AY Cam,2.735,9.9,none,1.901,2.771,3.832,3.86,1.28,,Williamon et al. (2004AJ....128.1319W)
,,0.36,none,1.705,2.025,4.057,3.869,1.042,,
V392 Car,3.175,9.48,A2_V,1.9,1.625,4.286,3.947,,,Debernardi & North (2001A&A...374..204D)
,,0.21,A2_V,1.853,1.601,4.31,3.937,,,
KIC 3858884,25.952,9.45,none,1.88,3.45,3.63,3.833,,,Maceroni et al. (2014A&A...563A..59M)
,,0.61,none,1.86,3.05,3.74,3.82,,,
KIC 4076952,9.762,13.88,none,1.86,3.078,3.742,3.819,,,Hambleton et al. (2022ApJ...931...75H)
,,0.82,none,1.37,1.451,4.251,3.825,,,
V456 Cyg,0.892,10.85,A2m,1.859,1.588,4.306,3.889,,,"Van Reeth et al. (2022A&A...659A.177V)
Bakis et al. (2014AJ....147..149B)"
,,0.31,F3_V,1.576,1.507,4.279,3.86,,,
RS Cha,1.67,6.03,A8_V,1.858,2.137,4.047,3.906,1.24,#ERROR!,"Clausen & Nordström (1980A&A....83..339C)
Alecian et al. (2005A&A...442..993A)"
,,0.2,A8_V,1.821,2.338,3.961,3.886,1.24,,
OGLE SMC130.5 4296,120.468,16.78,G7_III,1.854,25.44,1.895,3.691,2.529,"-0.88
± 0.15","Graczyk et al. (2014ApJ...780...59G)
Member of the SMC"
,,1.1,K1_III,1.805,46,1.369,3.655,2.898,,
OGLE-LMC-ECL-12669,749.632,17.21,K0.5_III,1.843,24.17,1.937,3.666,2.384,"-0.30
± 0.14","Graczyk et al. (2018ApJ...860....1G)
member of the LMC"
,,1.2,G9_III,1.962,23.36,1.994,3.673,2.386,,
HY Vir,2.732,7.81,F0m,1.838,2.806,3.806,3.836,1.2,,Lacy & Fekel (2011AJ....142..185L)
,,0.42,F5_V,1.404,1.519,4.222,3.816,0.58,,
OGLE-LMC-ECL-12875,152.85,17.32,G8_III,1.831,15.62,2.313,3.685,2.083,"-0.48
± 0.15","Graczyk et al. (2018ApJ...860....1G)
member of the LMC"
,,1.39,K2.5_III,1.858,40.82,1.486,3.642,2.744,,
MY Cyg,4.005,8.31,F0_Vm,1.82,2.22,4.01,3.851,1.05,,Tucker et al. (2009AJ....137.2949T)
,,0.3,F0_Vm,1.8,2.28,3.98,3.847,1.06,,
GW Eri,3.659,5.8,A4_Vm,1.7936,1.828,4.168,3.923,1.149,#ERROR!,Graczyk et al. (2022A&A...666A.128G)
,,0.18,A4_Vm,1.7768,1.796,4.179,3.913,1.114,,
OGLE-LMC-ECL-03160,150.154,17.13,G7_III,1.792,17.03,2.229,3.693,2.188,"-0.68
± 0.18","Graczyk et al. (2018ApJ...860....1G)
Pietrzynski et al. (2013Natur.495...76P)"
,,1.31,K2_III,1.802,37.42,1.548,3.648,2.695,,
IM Per,2.254,11.28,A8_V,1.7831,2.409,3.9258,3.88,1.235,,Lacy et al. (2015AJ....149...34L)
,,0.7,A8_V,1.7741,2.366,3.9394,3.879,1.217,,
XY Cet,2.781,8.8,A8_Vm,1.773,1.873,4.142,3.896,1.082,,Southworth et al. (2011MNRAS.414.3740S)
,,0.29,F0_Vm,1.615,1.773,4.149,3.882,0.978,,
EI Cep,8.439,7.61,F3_IV,1.772,2.896,3.763,3.829,1.193,,Torres & Latham (2000AJ....119.1942T)
,,0.33,F1_V,1.68,2.329,3.929,3.842,1.055,,
V572 Per,1.213,6.71,A0_V,1.76,1.68,4.23,3.9,,,Zasche et al. (2019AJ....158...95Z)
,,0.08,none,1.39,1.29,4.36,3.82,,,
KIC 10031808,8.59,9.56,none,1.741,2.59,3.852,3.852,1.185,"-0.11
± 0.08","He?miniak et al. (2019MNRAS.484..451H)
Contains a ? Dor pulsator"
,,0.45,none,1.798,3.027,3.731,3.835,1.254,,
OGLE-SMC-ECL-0019,143.393,17.92,G4_III,1.73,16.8,2.23,3.716,2.27,"-0.56
± 0.08","Graczyk et al. (2020ApJ...904...13G)
Member of the SMC"
,,0.99,G5_III,1.69,18.8,2.12,3.708,2.334,,
HW CMa,21.118,10,A7_Vm,1.721,1.643,4.242,3.879,0.898,#ERROR!,"Torres et al. (2012A&A...537A.117T)
Clausen et al. (2008A&A...487.1081C)"
,,0.19,A7_Vm,1.781,1.662,4.247,3.886,0.94,,
BD +37 410,15.535,9.94,F4_III,1.717,2.899,3.748,3.821,,"-0.03
± 0.02","Sandquist et al (arXiv:2210.11649)
[Fe/H] comes from membership of NGC 752"
,,0.38,none,1.175,1.186,4.36,3.801,,,
ASAS J060505+2032.1,2.121,11.93,none,1.716,2.048,4.05,3.87,,"-0.12
± 0.31",He?miniak et al. (2021MNRAS.508.5687H)
,,0.58,none,1.697,2.008,4.062,3.87,,,
DS And,1.011,10.44,F1_III,1.692,2.185,3.987,3.849,0.957,"-0.03
± 0.02","Sandquist et al (arXiv:2210.11649)
[Fe/H] comes from membership of NGC 752"
,,0.39,G2_V,1.184,1.2,4.353,3.796,0.225,,
EPIC 211982753,5.39,8.77,none,1.69,1.66,4.226,3.87,0.875,,Panchal et al. (2023MNRAS.521..677P)
,,0.3,none,1.59,1.53,4.27,3.844,0.703,,
BD +47 378,2.145,10.11,F0_V,1.69,2,4.068,3.854,0.968,,Hong et al. (2022AJ....164..121H)
,,0.49,K4_V,0.8,0.78,4.552,3.664,-0.6,,
KIC 2557430,1.298,11.63,F2_V,1.69,1.88,4.116,3.848,0.899,"-0.02
± 0.11",Hoyman et al. (2020MNRAS.491.5980H)
,,0.58,F9_V,1.35,1.23,4.386,3.782,0.249,,
OGLE SMC126.1 210,634.999,16.77,K2_III,1.674,43.52,1.385,3.651,2.836,"-0.87
± 0.15","Graczyk et al. (2014ApJ...780...59G)
Member of the SMC"
,,1.2,K1_III,1.669,39,1.479,3.654,2.752,,
CoRoT 102918586,4.391,12.45,none,1.66,1.64,4.23,3.868,,#ERROR!,"Maceroni et al. (2013A&A...552A..60M)
The primary star is a ? Dor pulsator"
,,0.42,none,1.49,1.48,4.27,3.851,,,
KIC 9850387,2.748,13.67,F1_V,1.66,2.154,3.992,3.865,,"-0.20
± 0.05",Sekaran et al. (2020A&A...643A.162S)
,,0.48,none,1.062,1.081,4.396,3.79,,,
V501 Mon,7.021,12.32,A6m,1.6455,1.888,4.103,3.876,1.007,#ERROR!,Torres et al. (2015AJ....150..154T)
,,0.57,F0,1.4588,1.592,4.199,3.845,0.743,,
FS Mon,1.906,9.6,F2_V,1.632,2.051,4.026,3.827,0.888,,Lacy et al. (2000AJ....119.1389L)
,,0.9,F4_V,1.462,1.629,4.179,3.816,0.644,,
V1022 Cas,12.156,5.56,F6_V,1.626,2.57,3.83,3.803,0.985,,"Fekel et al. (2022AJ....164..224F)
Southworth (2021Obs...141...52S)"
,,0.47,F6_V,1.607,2.445,3.87,3.808,0.961,,
KIC 9777062,19.23,12.26,Am,1.603,1.744,4.16,3.886,,"-0.03
± 0.13","Sandquist et al (2016ApJ...831...11S)
Member of NGC 6811. [Fe/H] comes from secondary star."
,,0.37,none,1.419,1.544,4.213,3.854,,,
IO Aqr,2.368,8.86,F5_V-IV,1.569,2.191,3.952,3.811,0.88,,Graczyk et al. (2015A&A...581A.106G)
,,0.48,F6_V-IV,1.655,2.493,3.863,3.802,0.954,,
PV Pup,1.661,6.89,A8_V,1.565,1.542,4.257,3.84,0.69,,Vaz & Andersen (1984A&A...132..219V)
,,0.32,A8_V,1.554,1.499,4.278,3.841,0.67,,
V442 Cyg,2.386,9.72,F1_V,1.564,2.072,3.999,3.839,0.94,,Lacy & Frueh (1987AJ.....94..712L)
,,0.32,F2_V,1.41,1.662,4.146,3.833,0.72,,
ZZ Boo,4.992,6.78,F3_V,1.5572,2.0626,4.0016,3.827,0.893,,Southworth (arXiv:2212.02595)
,,0.36,F3_V,1.599,2.205,3.955,3.825,0.943,,
BT Vul,1.141,11.69,F0_V,1.5439,1.536,4.254,3.862,0.772,,"Torres et al., (2020ApJ...894...96T)"
,,0.31,F7_V,1.2196,1.151,4.403,3.797,0.26,,
KIC 11285625,10.79,10.16,early_F,1.543,2.123,3.973,3.843,,"-0.58
± 0.15","Debosscher et al. (2013A&A...556A..56D)
Contains a ? Doradus pulsating component"
,,0.39,early_F,1.2,1.472,4.18,3.857,,,
HD 32129,16.412,9.09,F3_V,1.5388,1.8726,4.08,3.827,0.806,#ERROR!,Graczyk et al. (2022A&A...666A.128G)
,,0.54,G2_V,1.0687,0.9875,4.478,3.76,-0.013,,
HIP 7666,2.372,9.64,A5,1.53,2.08,3.98,3.851,0.99,"-0.13
± 0.05",Feng et al. (2021MNRAS.508..529F)
,,0.4,none,1.23,1.06,4.47,3.78,0.13,,
EY Cep,7.971,9.8,F0_V,1.523,1.463,4.29,3.851,0.69,,Lacy et al. (2006AJ....131.2664L)
,,0.27,F0_V,1.498,1.468,4.28,3.843,0.66,,
RZ Cha,2.832,8.1,F5_V,1.518,2.264,3.909,3.81,0.9,,Andersen et al. (1975A&A....44..349A)
,,0.47,F5_V,1.509,2.264,3.907,3.81,0.9,,
OGLE-LMC-ECL-12933,125.395,17.38,G7_III,1.516,17.32,2.142,3.69,2.193,"-0.38
± 0.13","Graczyk et al. (2018ApJ...860....1G)
member of the LMC"
,,1.37,K2_III,1.514,36.41,1.496,3.65,2.679,,
KIC 5640750,987.398,11.88,none,1.515,14.06,2.323,3.656,1.871,"-0.29
± 0.09",Themeßl et al. (2018MNRAS.478.4669T)
,,1.24,none,1.292,1.853,4.014,3.767,0.555,,
KIC 6778289,30.13,13.09,none,1.512,1.748,4.133,3.834,,,Cunningham et al. (2019AJ....158..106C)
,,0.45,none,1.092,0.998,4.479,3.861,,,
EPIC 219552514,2.754,10.34,none,1.509,2.505,3.822,3.791,0.913,#ERROR!,"Torres et al. (2020ApJ...896..162T)
Metallicity comes from membership of Ruprecht 147"
,,0.5,none,0.649,0.652,4.624,3.603,-1.018,,
HD 71636,5.013,7.89,F2_V,1.506,1.583,4.22,3.842,0.721,,"Fekel et al. (2022AJ....164..224F)
Henry et al. (2006AJ....132.2489H)"
,,0.38,F5_V,1.282,1.314,4.31,3.809,0.428,,
HD 187669,88.387,8.88,K0_III,1.504,11.33,2.507,3.667,1.732,"-0.25
± 0.10",He?miniak et al. (2015MNRAS.448.1945H)
,,1.24,K2.5_III,1.505,22.62,1.907,3.636,2.207,,
GX Gem,4.038,11.33,F7_V,1.488,2.327,3.877,3.792,0.86,"-0.12
± 0.10","Lacy, Torres & Claret (2008AJ....135.1757L)"
,,0.61,F7_V,1.467,2.238,3.904,3.79,0.82,,
NGC 2506 V4,2.868,14.65,none,1.478,2.3,3.884,3.834,,"-0.36
± 0.10","Knudstrup et al. (2020MNRAS.499.1312K)
Metallicity comes from membership of NGC 2506"
,,0.39,none,1.25,1.534,4.163,3.834,,,
KIC 8410637,408.324,11.33,G_III,1.472,10.596,2.556,3.663,1.656,#ERROR!,"Themeßl et al. (2018MNRAS.478.4669T)
Frandsen et al. (2013A&A...556A.138F)"
,,0.85,none,1.309,1.556,4.171,3.783,0.468,,
DM Vir,4.669,8.73,F7_V,1.454,1.763,4.108,3.813,0.7,,"Latham et al. (1996A&A...314..864L)
(the uncertainty on Teff(2) should be 100K not 300K)"
,,0.47,F7_V,1.448,1.763,4.106,3.813,0.7,,
ASAS J073507-0905.7,1.446,9.32,F5_V,1.452,1.635,4.173,3.806,0.6,"-0.27
± 0.08",He?miniak et al. (2019A&A...622A.114H)
,,0.45,none,0.808,0.819,4.519,3.64,-0.66,,
OGLE-LMC-ECL-15260,157.469,16.92,G8_III,1.449,23.22,1.868,3.682,2.415,"-0.63
± 0.12","Graczyk et al. (2018ApJ...860....1G)
Pietrzynski et al. (2013Natur.495...76P)"
,,1.36,K2_III,1.422,42.2,1.34,3.645,2.787,,
NN Del,99.269,8.4,F8,1.4445,2.194,3.915,3.809,0.868,,Gallenne et al. (2019A&A...632A..31G)
,,0.54,none,1.3266,1.608,4.148,3.813,0.615,,
CD Tau,3.435,6.77,F6_V,1.442,1.798,4.087,3.792,,#ERROR!,Ribas et al. (1999MNRAS.309..199R)
,,0.44,F6_V,1.368,1.584,4.174,3.792,,,
OGLE-SMC-ECL-0970,191.551,17.93,G8_III,1.44,18.4,2.07,3.686,2.228,"-0.83
± 0.08","Graczyk et al. (2020ApJ...904...13G)
Member of the SMC"
,,1.06,G9_III,1.42,21.1,1.94,3.679,2.322,,
ASAS J090232-5653.4,20.822,10.63,none,1.436,1.527,4.201,3.847,0.736,"-0.15
± 0.13",Ratajczak et al. (2021MNRAS.500.4972R)
,,0.36,none,1.372,1.392,4.244,3.825,0.585,,
BG Ind,1.464,6.13,F,1.432,2.339,3.852,3.809,0.926,"-0.19
± 0.04","Borkovits et al. (2021MNRAS.503.3759B)
Rozyczka et al. (2011MNRAS.414.2479R)"
,,0.5,F,1.315,1.592,4.15,3.834,0.693,,
ASAS J163903-2847.2,23.31,9.85,none,1.421,2.157,3.923,3.822,,"-0.19
± 0.16",He?miniak et al. (2021MNRAS.508.5687H)
,,0.59,none,1.141,1.224,4.32,3.819,,,
V506 Oph,1.06,11.41,F1_V,1.415,1.725,4.1155,3.835,0.766,,Torres et al. (2019ApJ...876...41T)
,,0.21,F1_V,1.402,1.692,4.1284,3.831,0.734,,
BK Peg,5.49,9.98,F8_V,1.414,1.988,3.992,3.797,0.74,"-0.12
± 0.07",Clausen et al. (2010A&A...516A..42C)
,,0.59,F7_V,1.257,1.474,4.201,3.801,0.49,,
AD Boo,2.069,9.38,F6_V,1.414,1.612,4.173,3.818,0.64,#ERROR!,"Clausen et al. (2008A&A...487.1095C)
Clausen et al. (2008A&A...487.1081C)"
,,0.44,G0_V,1.209,1.216,4.351,3.789,0.28,,
BF Dra,11.211,9.76,F6_V,1.414,2.086,3.95,3.803,0.81,,Lacy et al. (2012AJ....143..129S)
,,0.59,F6_V,1.375,1.922,4.008,3.806,0.75,,
KIC 6864859,40.878,11.64,none,1.411,1.655,4.15,3.813,,,Cunningham et al. (2019AJ....158..106C)
,,0.31,none,1.354,1.455,4.244,3.816,,,
BN Scl,3.747,5.23,F7_V,1.4067,1.834,4.059,3.8,0.68,"-0.23
± 0.06","Graczyk et al., (2021A&A...649A.109G)"
,,0.49,F8_V,1.2439,1.38,4.256,3.795,0.415,,
VZ Cep,1.183,9.72,F3_V,1.402,1.534,4.213,3.824,0.634,,Torres & Lacy (2009AJ....137..507T)
,,0.47,G4_V,1.1077,1.042,4.446,3.757,0.026,,
V1200 Cen,2.483,8.5,F5_V,1.393,1.407,4.2855,3.819,0.525,,Marcadon et al. (2020MNRAS.499.3019M)
,,0.46,none,0.8633,1.154,4.2496,3.651,-0.319,,
KIC 9540226,175.443,12.08,none,1.39,13.43,2.326,3.661,1.854,"-0.31
± 0.09","Themeßl et al. (2018MNRAS.478.4669T)
Brogaard et al. (2018MNRAS.476.3729B)"
,,1.21,none,1.015,1.034,4.416,3.765,0.042,,
KIC 5193386,21.378,14.26,none,1.386,4.505,3.272,3.679,,,Hambleton et al. (2022ApJ...931...75H)
,,0.84,none,1.152,1.319,4.259,3.82,,,
AN Cam,20.998,9.69,F9_V,1.38,2.159,3.9095,3.782,0.75,,Southworth (2021Obs...141..122S)
,,0.61,G2_IV,1.402,2.646,3.74,3.76,0.839,,
NGC 7142 V1,15.651,14.86,none,1.377,1.616,4.16,3.782,,,Sandquist et al. (2013AJ....146...40S)
,,0.83,none,1.377,1.613,4.162,3.782,,,
ASAS J052821+0338.5,3.873,11.7,K1_PMS,1.375,1.83,4.05,3.708,0.314,"-0.15
± 0.14",Stempels et al. (2008A&A...481..747S)
,,0.9,K3_PMS,1.329,1.73,4.08,3.673,0.14,,
BW Aqr,6.72,10.3,F7_V,1.373,1.7332,4.0982,3.81,0.669,"-0.07
± 0.11","Maxted (2018RNAAS...2b..39M)
Clausen et al. (2010A&A...516A..42C)"
,,0.45,F7_V,1.469,2.0708,3.9731,3.802,0.796,,
V1143 Cyg,7.641,5.89,F5_V,1.361,1.348,4.31,3.821,0.53,,"Lester et al. (2019AJ....158..218L)
Albrecht et al. (2007A&A...474..565A)"
,,0.47,F5_V,1.332,1.322,4.32,3.818,0.5,,
ASAS J171750-1915.3,3.137,10.99,none,1.3571,1.676,4.122,3.815,,#ERROR!,He?miniak et al. (2021MNRAS.508.5687H)
,,0.64,none,1.3452,1.648,4.133,3.813,,,
RU Cnc,10.173,10.2,none,1.347,2.188,3.888,3.817,,"-0.26
± 0.34",He?miniak et al. (2021MNRAS.508.5687H)
,,0.6,none,1.415,4.939,3.202,3.678,,,
AQ Ser,1.687,10.65,F5_IV,1.346,2.281,3.85,3.808,0.901,,Torres et al. (2014AJ....147...36T)
,,0.51,F6_IV,1.417,2.451,3.81,3.802,0.939,,
HD 22064,9.135,8.81,F2_V,1.345,1.554,4.184,3.83,0.658,"-0.05
± 0.15",Maxted (2023MNRAS.522.2683M)
,,0.4,none,0.576,0.595,4.65,3.568,-1.176,,
LX Mus,11.751,8.78,F5_V,1.3433,1.345,4.309,3.815,0.473,#ERROR!,Graczyk et al. (2022A&A...666A.128G)
,,0.51,F5_V,1.3544,1.3959,4.28,3.817,0.513,,
RT CrB,5.117,10.21,G5_IV,1.343,2.615,3.731,3.762,0.838,,Sabby & Lacy (2003AJ....125.1448S)
,,0.73,K0_IV,1.359,2.946,3.632,3.71,0.736,,
UZ Dra,3.261,9.59,F7_V,1.34,1.31,4.33,3.793,0.35,,Lacy et al. (1989AJ.....97..822L)
,,0.47,G0_V,1.23,1.15,4.4,3.777,0.18,,
ASAS J085002+1752.5,5.226,10.15,none,1.326,1.571,4.168,3.817,,"-0.01
± 0.27",He?miniak et al. (2021MNRAS.508.5687H)
,,0.72,none,1.573,3.222,3.619,3.758,,,
IT Cas,3.897,11.15,F5_V,1.3244,1.5552,4.1765,3.829,0.653,,"Southworth (arXiv:2306.09487)
Lacy et al. (1997AJ....114.1206L)"
,,0.5,F5_V,1.3218,1.5513,4.1778,3.829,0.651,,
NP Per,2.229,11.24,F5_V,1.3207,1.372,4.284,3.808,0.46,#ERROR!,Sandberg Lacy et al (2016AJ....152....2S)
,,0.7,K5_e,1.0456,1.229,4.2779,3.657,-0.237,,
FM Leo,6.729,8.47,F6_V,1.3144,1.6245,4.135,3.806,0.6,"-0.11
± 0.04","Graczyk et al., (2021A&A...649A.109G)
He?miniak et al. (2021MNRAS.508.5687H)"
,,0.49,F6_V,1.2703,1.5082,4.185,3.805,0.533,,
CPD -54 810,26.132,10.45,none,1.3084,1.9288,3.9836,3.81,0.766,"0.0
± 0.2","Miller et al. (2022MNRAS.517.5129M)
Ratajczak et al. (2021MNRAS.500.4972R)"
,,0.41,none,1.0896,1.1815,4.3297,3.801,0.305,,
V338 Vir,5.985,9.15,F5_V,1.3074,1.5329,4.183,3.818,0.599,"-0.10
± 0.06",Graczyk et al. (2022A&A...666A.128G)
,,0.47,F6_IV,1.5148,2.3651,3.871,3.808,0.934,,
V1130 Tau,0.799,6.56,F2_V,1.306,1.489,4.208,3.822,0.59,"-0.25
± 0.10",Clausen et al. (2010A&A...510A..91C)
,,0.36,F2_V,1.392,1.782,4.08,3.821,0.74,,
TIC 193993801,1.431,11.27,F8_V,1.306,1.692,4.098,3.801,0.614,,Borkovits et al. (2022MNRAS.510.1352B)
,,0.67,none,1.189,1.304,4.245,3.785,0.323,,
CO And,3.655,10.83,F8_V,1.2892,1.727,4.074,3.788,0.58,#ERROR!,Lacy et al. (2010AJ....139.2347L)
,,0.52,F8_V,1.2643,1.694,4.0822,3.79,0.572,,
V455 Aur,3.146,7.28,F5_V,1.2887,1.389,4.2626,3.813,0.492,,"Southworth (2021Obs...141..190S)
Griffin (2013Obs...133..156G)"
,,0.43,F6_V,1.2316,1.318,4.2887,3.806,0.419,,
V375 Cep,1.91,16.12,none,1.288,1.623,4.129,3.794,,#ERROR!,"Sandquist et al. (2013AJ....146...40S)
Member of the open cluster NGC 7142"
,,0.88,none,0.871,0.897,4.473,3.703,,,
V1061 Cyg,2.347,9.24,F9_V,1.282,1.615,4.129,3.791,0.533,,Torres et al. (2006ApJ...640.1018T)
,,0.54,G8_V,0.9315,0.974,4.43,3.724,-0.173,,
CF Tau,2.756,10.25,K0,1.282,2.797,3.653,3.716,0.71,,Lacy et al. (2012AJ....144..167S)
,,0.95,G0,1.251,2.048,3.913,3.778,0.69,,
KIC 7821010,24.238,10.84,none,1.277,1.276,4.332,3.827,0.47,#ERROR!,He?miniak et al. (2019MNRAS.484..451H)
,,0.56,none,1.221,1.21,4.359,3.817,0.39,,
AP And,1.587,11.19,F5_V,1.277,1.2335,4.3623,3.817,0.403,,Lacy et al. (2014AJ....147..148S)
,,0.44,F5_V,1.251,1.1954,4.3805,3.813,0.358,,
V505 Per,4.222,6.88,F5_V,1.2745,1.2941,4.3194,3.814,0.434,,"Southworth (2021Obs...141..234S)
Tomasella et al. (2008A&A...480..465T)"
,,0.42,F5_V,1.2577,1.2637,4.3343,3.81,0.399,,
VZ Hya,2.904,8.95,F5_V,1.271,1.314,4.305,3.809,0.48,"-0.20
± 0.12","Clausen et al. (2008A&A...487.1095C)
Clausen et al. (2008A&A...487.1081C)"
,,0.41,F6_V,1.146,1.112,4.405,3.799,0.24,,
CQ Ind,8.974,8.36,F6_V,1.2694,1.4097,4.243,3.81,0.494,"-0.04
± 0.08",Graczyk et al. (2022A&A...666A.128G)
,,0.53,F8_V,1.1293,1.1268,4.387,3.788,0.212,,
V2154 Cyg,2.631,7.83,F3_V,1.269,1.477,4.2028,3.831,0.616,,Bright & Torres (2017ApJ...850...10B)
,,0.4,K2_V,0.7542,0.7232,4.597,3.701,-0.523,,
V501 Her,8.598,10.93,G3_IV,1.269,2.0017,3.9384,3.755,0.576,,Lacy & Fekel (2014AJ....148...71S)
,,0.93,G3_V,1.2113,1.5112,4.1623,3.757,0.344,,
HS Hya,1.568,8.12,F5_V,1.2552,1.2747,4.3259,3.8129,0.415,,Torres et al. (1997AJ....114.2764T)
,,0.41,F5_V,1.2186,1.2161,4.3539,3.8062,0.347,,
KIC 8430105,63.327,10.67,none,1.254,7.475,2.7892,3.752,,"-0.46
± 0.10","Thomsen et al. (2022MNRAS.517.4187T)
Gaulme et al. (2016ApJ...832..121G)"
,,0.93,none,0.8134,0.7494,4.599,3.756,,,
KIC 5359678,6.231,14.21,F5,1.252,1.449,4.214,3.813,0.555,,"Southworth (2022Obs...142..103S)
Wang et al. (2021MNRAS.504.4302W)"
,,0.7,none,1.065,1.048,4.424,3.777,0.103,,
KIC 5288543,3.457,13.52,none,1.251,1.6208,4.116,3.798,,,Hambleton et al. (2022ApJ...931...75H)
,,0.39,none,0.947,0.9272,4.48,3.748,,,
EF Aqr,2.854,9.89,G0_V,1.244,1.338,4.28,3.789,0.36,#ERROR!,Vos et al. (2012A&A...540A..64V)
,,0.72,none,0.946,0.956,4.453,3.715,-0.227,,
WOCS 40007,3.185,15.65,none,1.236,1.399,4.24,3.795,,"-0.03
± 0.06","Jeffries et al. (2013AJ....146...58J)
Member of NGC 6819. [Fe/H] comes from open cluster."
,,0.71,none,1.086,1.098,4.381,3.775,,,
TIC 172900988,19.658,10.14,none,1.2277,1.3827,4.2492,3.782,,#ERROR!,Kostov et al. (2021AJ....162..234K)
,,0.55,none,1.2021,1.3141,4.2808,3.777,,,
WZ Oph,4.184,9.1,F8_V,1.227,1.401,4.234,3.79,0.41,"-0.27
± 0.07","Clausen et al. (2008A&A...487.1095C)
Clausen et al. (2008A&A...487.1081C)"
,,0.5,F8_V,1.22,1.419,4.221,3.786,0.4,,
KIC 3439031,5.952,11.34,none,1.2258,1.4072,4.23,3.815,0.45,#ERROR!,He?miniak et al. (2019MNRAS.484..451H)
,,0.48,none,1.2274,1.403,4.2332,3.815,0.45,,
UX Men,4.181,8.22,F8_V,1.2229,1.347,4.272,3.792,0.38,#ERROR!,"Andersen et al. (1989A&A...211..346A)
He?miniak et al. (2009MNRAS.400..969H)"
,,0.54,F8_V,1.1878,1.274,4.306,3.789,0.32,,
Kepler 1647,11.259,13.7,none,1.2207,1.7903,4.018,3.793,,"-0.14
± 0.05","Kostov et al. (2016ApJ...827...86K)
(hosts a transiting planet)"
,,0.66,none,0.9678,0.9663,4.4534,3.761,,,
FL Lyr,2.178,9.33,F8_V,1.2102,1.244,4.331,3.796,0.33,"-0.07
± 0.09","He?miniak et al. (2019MNRAS.484..451H)
Popper et al. (1986AJ.....91..383P)"
,,0.52,G8_V,0.9512,0.9,4.508,3.74,-0.18,,
LL Aqr,20.178,9.32,F3_V,1.1959,1.321,4.274,3.784,0.332,"0.02
± 0.04","Graczyk et al. (2016A&A...594A..92G)
Southworth (2013A&A...557A.119S)"
,,0.54,F8_V,1.0337,1.002,4.451,3.756,-0.019,,
KIC 2306740,10.307,13.7,none,1.194,1.682,4.063,3.764,0.449,,Koçak et al. (2021ApJ...910..111K)
,,0.74,none,1.078,1.226,4.294,3.782,0.26,,
AI Phe,24.592,8.61,K0_IV,1.1938,1.805,4.002,3.792,0.654,"-0.14
± 0.10","Miller et al. (2020MNRAS.497.2899M)
Maxted et al. (2020MNRAS.498..332M)"
,,0.83,F7_V,1.2438,2.9332,3.5981,3.707,0.736,,
LV Her,18.436,11.06,F9_V,1.193,1.358,4.2493,3.793,0.349,#ERROR!,"Torres, Lacy & Claret (2009AJ....138.1622T)"
,,0.78,F9_V,1.1698,1.313,4.2695,3.78,0.311,,
V2080 Cyg,4.934,7.404,F4_V,1.191,1.596,4.108,3.778,0.474,,Ibanoglu et al. (2008MNRAS.384..331I)
,,0.421,F4_V,1.157,1.599,4.093,3.777,0.472,,
KIC 9970396,235.299,11.75,none,1.178,8.035,2.699,3.687,,"-0.35
± 0.10","Brogaard et al. (2018MNRAS.476.3729B)
Gaulme et al. (2016ApJ...832..121G)"
,,1.07,none,1.003,1.1089,4.3493,3.794,,,
EW Ori,6.937,9.9,G0_V,1.173,1.168,4.372,3.783,0.22,#ERROR!,"Clausen et al. (2010A&A...511A..22C)
Popper et al. (1986AJ.....91..383P)"
,,0.57,G2_V,1.123,1.097,4.408,3.771,0.12,,
KIC 7037405,207.108,12.22,none,1.17,14,2.2131,3.653,,"-0.27
± 0.10",Brogaard et al. (2018MNRAS.476.3729B)
,,1.13,none,1.11,1.746,3.999,3.785,,,
AL Ari,3.747,7.23,F6_V,1.164,1.372,4.229,3.804,0.444,"-0.42
± 0.08","Graczyk et al., (2021A&A...649A.109G)"
,,0.52,G7_V,0.9112,0.905,4.458,3.745,-0.155,,
UW LMi,3.874,8.32,G0_V,1.1627,1.34,4.249,3.781,0.332,"-0.10
± 0.06",Graczyk et al. (2022A&A...666A.128G)
,,0.59,G0_V,1.1402,1.275,4.284,3.778,0.279,,
WASP 0639-32,11.658,10.66,F,1.1544,1.834,3.974,3.801,0.685,"-0.33
± 0.10",Kirkby-Kent et al. (2018A&A...615A.135K)
,,0.5,K,0.7833,0.7291,4.607,3.732,-0.392,,
ASAS J061016-3321.3,199.857,9.71,K5_III,1.148,12.34,2.315,3.632,1.667,"0.08
± 0.10",Ratajczak et al. (2021MNRAS.500.4972R)
,,1.48,K5_V,1.152,33.32,1.454,3.583,2.319,,
ASAS J231922-0852.2,6.062,10.24,none,1.136,1.64,4.064,3.797,,"-0.39
± 0.07",He?miniak et al. (2021MNRAS.508.5687H)
,,0.46,none,1.006,1.11,4.35,3.795,,,
ZZ UMa,2.299,10.39,F8_V,1.1348,1.4367,4.178,3.775,0.37,,Southworth (2022Obs...142..267S)
,,0.54,G6_V,0.9652,1.0752,4.36,3.722,-0.095,,
KX Cnc,31.22,7.19,F9_V,1.1345,1.0527,4.4825,3.771,0.083,#ERROR!,"Southworth (2021Obs...141...22S)
Sowell, Henry & Fekel (2012AJ....143....5S)"
,,0.56,F9_V,1.1241,1.0593,4.4388,3.767,0.071,,
HP Dra,10.762,7.94,F9_V,1.133,1.371,4.218,3.778,0.34,,Milone et al. (2010AJ....140..129M)
,,0.55,F9_V,1.094,1.052,4.433,3.77,0.079,,
EPIC 219568666,11.991,11.86,F8_V,1.121,1.178,4.346,3.788,0.248,#ERROR!,"Torres et al. (2019ApJ...887..109T)
Metallicity comes from membership of Ruprecht 147"
,,0.7,none,0.733,0.64,4.69,3.653,-0.818,,
WOCS 12009,69.728,13.99,none,1.111,1.071,4.424,3.785,,#ERROR!,"Sandquist et al. (2018AJ....155..152S)
[Fe/H] comes from membership of M67"
,,0.62,none,0.748,0.713,4.607,3.673,,,
V785 Cep,6.504,14.74,none,1.103,1.424,4.174,3.771,0.34,"-0.06
± 0.06","Meibom et al. (2009AJ....137.5086M)
quoted metallicity is for the NGC 188 open cluster"
,,0.6,none,1.081,1.373,4.196,3.769,0.3,,
AL Dor,14.905,7.74,F9_V,1.1018,1.0917,4.404,3.782,0.159,"-0.10
± 0.04","Graczyk et al., (2021A&A...649A.109G)
Gallenne et al. (2019A&A...632A..31G)"
,,0.57,F9_V,1.1028,1.0983,4.399,3.782,0.164,,
QR Hya,5.006,8.4,G1_V,1.1002,1.2844,4.262,3.773,0.262,"-0.01
± 0.06",Graczyk et al. (2022A&A...666A.128G)
,,0.63,G2_V,1.0673,1.2028,4.306,3.767,0.182,,
V1094 Tau,8.989,8.97,G0_V,1.0965,1.4109,4.179,3.767,0.32,,Maxted et al. (2015A&A...578A..25M)
,,0.7,G3_V,1.0121,1.1063,4.355,3.756,0.05,,
OGLE-BLG-ECL-296596,155.658,15.48,K6_III,1.093,18.06,1.963,3.625,1.964,"-0.07
± 0.15",Suchomska et al. (2019A&A...621A..93S)
,,1.26,K8_III,1.125,29.8,1.541,3.599,2.297,,
EPIC 210822691,8.074,11.37,none,1.09,1.25,4.286,3.775,0.245,#ERROR!,Hoyman & Cak?rl? (2020MNRAS.493.2329H)
,,0.59,none,0.96,0.94,4.473,3.745,-0.118,,
V568 Lyr,14.47,17.34,none,1.0868,1.397,4.184,3.752,,#ERROR!,"Brogaard et al. (2011A&A...525A...2B)
Grundahl et al. (2008A&A...492..171G)"
,,0.94,none,0.8276,0.7813,4.5698,3.683,,,
V963 Cen,15.269,8.6,G1_IV-V,1.0812,1.4456,4.152,3.764,0.332,"-0.06
± 0.05",Graczyk et al. (2022A&A...666A.128G)
,,0.64,G1_IV-V,1.0753,1.4215,4.164,3.765,0.32,,
V432 Aur,3.082,8.15,none,1.08,1.23,4.29,3.825,,"-0.60
± 0.05",Siviero et al. (2004A&A...417.1083S)
,,0.7,none,1.2,2.46,3.74,3.784,,,
EPIC 219394517,6.527,11.34,G,1.0782,1.055,4.4247,3.773,0.091,#ERROR!,"Torres et al. (2018ApJ...866...67T)
[Fe/H] comes from membership of Ruprecht 147"
,,0.64,G,1.0661,1.042,4.4303,3.769,0.066,,
OGLE-BLG-ECL-305487,176.655,18.2,KO_III,1.06,19.27,1.893,3.628,2.03,"0.05
± 0.35",Suchomska et al. (2022A&A...668A..30S)
,,1.7,K2_III,0.991,29.99,1.48,3.6,2.31,,
V636 Cen,4.284,8.7,G0_V,1.052,1.018,4.444,3.771,0.05,"-0.20
± 0.08","Clausen et al. (2009A&A...502..253C)
Clausen et al. (2008A&A...487.1081C)"
,,0.62,none,0.854,0.83,4.532,3.699,-0.41,,
Kepler-34,27.796,15.04,none,1.0479,1.1618,4.3284,3.772,0.173,"-0.07
± 0.15","Welsh et al. (2012Natur.481..475W)
(hosts a transiting planet)"
,,0.63,none,1.0208,1.0927,4.3703,3.768,0.107,,
KIC 7177553,17.996,11.54,G2_V,1.043,0.94,4.517,3.763,-0.055,"-0.05
± 0.09",Lehmann et al. (2016ApJ...819...33L)
,,0.52,G2_V,0.986,0.941,4.491,3.759,-0.071,,
KIC 6525196,3.421,10.22,none,1.0351,1.0719,4.3927,3.812,,"-0.46
± 0.10","He?miniak et al. (arXiv:2303.05272)
He?miniak et al. (2017MNRAS.468.1726H)"
,,0.52,none,0.9712,1.0101,4.4166,3.806,,,
CV Boo,0.847,10.8,G2_V,1.032,1.262,4.294,3.76,0.197,,"Torres, Vaz & Lacy (2008AJ....136.2158T)"
,,0.5,G3_V,0.968,1.173,4.285,3.754,0.107,,
EBLM J0113+31,14.277,10.12,G0_V,1.029,1.417,4.148,3.787,0.406,"-0.3
± 0.1","Maxted et al. (2022MNRAS.513.6042M)
Gómez Maqueo Chew et al. (2014A&A...572A..50G)"
,,0.5,none,0.197,0.215,5.068,3.528,-2.267,,
V818 Tau,5.609,8.32,G8_V,1.0245,0.923,4.518,3.752,,"0.05
± 0.05","Brogaard et al. (2021A&A...645A..25B)
Member of the Hyades"
,,0.76,K4_V,0.7426,0.739,4.571,3.633,,,
V1174 Ori,2.635,13.95,K4.5_V,1.009,1.339,4.19,3.65,-0.193,,Stassun et al. (2004ApJS..151..357S)
,,1.24,M1.5_V,0.731,1.065,4.25,3.558,-0.761,,
V530 Ori,6.111,9.96,G1_V,1.0038,0.98,4.457,3.777,0.016,"-0.12
± 0.08",Torres et al. (2014ApJ...797...31T)
,,0.49,M1_V,0.5955,0.5873,4.676,3.589,-1.154,,
V565 Lyr,18.799,17.71,none,0.9955,1.1011,4.3524,3.748,,#ERROR!,Brogaard et al. (2011A&A...525A...2B)
,,0.93,none,0.9293,0.9708,4.4319,3.735,,,
KIC 8736245,5.069,13.95,G2_V,0.987,1.311,4.197,3.764,,,Fetherolf et al. (2019AJ....158..198F)
,,0.71,none,0.782,0.804,4.521,3.702,,,
IM Vir,1.309,9.57,G7_V,0.981,1.061,4.379,3.754,-0.012,"-0.10
± 0.25",Morales et al. (2009ApJ...707..671M)
,,0.66,K7_V,0.6644,0.681,4.594,3.628,-0.867,,
OGLE-SMC-ECL-1492,73.715,17.71,G6_III,0.97,15.9,2.02,3.697,2.149,"-0.88
± 0.09","Graczyk et al. (2020ApJ...904...13G)
Member of the SMC"
,,1.03,G8_III,0.97,25.1,1.63,3.679,2.468,,
OGLE-BLG-ECL-116218,80.586,17.59,K2_III,0.969,16.73,1.978,3.627,1.91,"-0.46
± 0.20",Suchomska et al. (2022A&A...668A..30S)
,,1.6,K3_III,0.983,22.06,1.744,3.611,2.08,,
Kepler-47,7.448,15.38,none,0.957,0.936,4.476,3.751,-0.076,"-0.25
± 0.08","Orosz et al. (2019AJ....157..174O)
Orosz et al. (2012Sci...337.1511O)"
,,0.85,none,0.342,0.338,4.914,3.526,-1.854,,
ASAS J065134-2211.5,8.22,9.83,G,0.956,0.997,4.421,3.74,-0.09,#ERROR!,He?miniak et al. (2019A&A...622A.114H)
,,0.83,none,0.674,0.69,4.589,3.599,-0.96,,
Tyc 5227-1023-1,4.306,11.86,none,0.956,1.388,4.13,3.803,,"-0.63
± 0.11",Traven et al. (2017ApJ...839...52T)
,,0.55,none,0.839,0.977,4.38,3.773,,,
KIC 4054905,274.729,13.22,none,0.9544,8.364,2.573,3.686,1.542,"-0.60
± 0.02",Brogaard et al (2022A&A...668A..82B)
,,1.04,none,0.9566,3.0911,3.4385,3.721,0.819,,
HP Aur,1.423,11.17,G2_V,0.9543,1.0278,4.3942,3.764,0.036,,Lacy et al. (2014AJ....147....1S)
,,0.68,K1_V,0.8094,0.7758,4.5669,3.713,-0.414,,
Kepler-453,27.322,13.7,none,0.944,0.833,4.571,3.742,,#ERROR!,"Welsh et al. (2015ApJ...809...26W)
(hosts a transiting planet)"
,,0.75,none,0.1951,0.215,5.063,3.509,,,
KIC 6131659,17.528,12.76,none,0.942,0.903,4.496,3.716,,"-0.23
± 0.20","Cunningham et al. (2019AJ....158..106C)
Bass et al. (2012ApJ...761..157B)"
,,0.92,none,0.703,0.616,4.705,3.617,,,
CG Cyg,0.631,10.08,G9_V,0.94,0.89,4.512,3.721,-0.26,,Popper (1994AJ....108.1091P)
,,0.86,K3_V,0.81,0.84,4.505,3.674,-0.51,,
ASAS J045021+2300.4,1.653,10.26,none,0.934,1.058,4.36,3.753,,"-0.26
± 0.26",He?miniak et al. (2021MNRAS.508.5687H)
,,0.73,none,0.409,0.408,4.829,3.555,,,
RW Lac,10.369,10.63,G5_V,0.928,1.186,4.257,3.76,0.14,-0.3,Lacy et al. (2005AJ....130.2838L)
,,0.5,G7_V,0.87,0.964,4.409,3.745,-0.1,,
EPIC 219511354,1.622,13.16,K2_V,0.912,0.92,4.47,3.702,-0.31,#ERROR!,"Torres et al. (2021ApJ...921..133T)
Metallicity comes from membership of Ruprecht 147"
,,0.94,K4_V,0.822,0.851,4.494,3.671,-0.5,,
HS Aur,9.815,10.16,G8_V,0.9,1.004,4.389,3.728,-0.13,,Popper et al. (1986AJ.....91..383P)
,,0.77,K0_V,0.879,0.873,4.5,3.716,-0.3,,
Kepler-35,20.734,15.96,none,0.8877,1.0284,4.3623,3.749,-0.027,"-0.34
± 0.20","Welsh et al. (2012Natur.481..475W)
(hosts a transiting planet)"
,,0.66,none,0.8094,0.7861,4.5556,3.716,-0.387,,
47 Tuc V69,29.54,16.84,none,0.8762,1.3148,4.143,3.775,0.292,"-0.71
± 0.10","Thompson et al. (2020MNRAS.492.4254T)
Brogaard et al. (2017MNRAS.468..645B)"
,,0.56,none,0.8588,1.1616,4.242,3.777,0.193,,
47 Tuc E32,40.913,17.15,none,0.8617,1.1834,4.227,3.78,0.217,"-0.71
± 0.10","Thompson et al. (2020MNRAS.492.4254T)
Metallicity comes from membership of 47 Tuc"
,,0.56,none,0.8268,1.0045,4.352,3.775,0.057,,
ASAS J045304-0700.4,1.622,11.24,K2_V,0.8338,0.848,4.503,3.726,-0.278,,He?miniak & Konacki (2011A&A...526A..29H)
,,0.63,K4_V,0.828,0.833,4.515,3.708,-0.365,,
NGC 6362 V40,5.296,18.22,none,0.8337,1.3253,4.55,3.789,0.356,"-1.07
± 0.05","Kaluzny et al. (2015AJ....150..155K)
[Fe/H] comes from cluster membership"
,,0.55,none,0.7947,0.997,4.361,3.785,0.093,,
ASAS J212954-5620.1,0.702,11.93,none,0.833,0.845,4.506,3.677,-0.482,,He?miniak et al. (2011A&A...527A..14H)
,,1.17,none,0.703,0.718,4.574,3.625,-0.84,,
NGC 6362 V41,17.889,18.77,none,0.8215,1.0739,4.311,3.787,0.164,"-1.07
± 0.05","Kaluzny et al. (2015AJ....150..155K)
[Fe/H] comes from cluster membership"
,,0.57,none,0.728,0.7307,4.593,3.759,-0.281,,
NGC 3201 V139,8.789,18.08,none,0.806,1.215,4.175,3.793,0.294,"-1.47
± 0.04","Rozyczka et al. (2022MNRAS.517.2485R)
Metallicity comes from membership of NGC 3201"
,,0.74,none,0.684,0.687,4.599,3.745,-0.387,,
NGC 3201 V142,27.693,17.25,none,0.804,2.212,3.654,3.772,0.731,"-1.47
± 0.04","Rozyczka et al. (2022MNRAS.517.2485R)
Metallicity comes from membership of NGC 3201"
,,0.78,none,0.664,0.693,4.588,3.744,-0.24,,
M4 V65,2.293,17.03,none,0.8035,1.147,4.221,3.785,0.21,"-1.2
± 0.1","Kaluzny et al. (2013AJ....145...43K)
[Fe/H] comes from membership of globular cluster M4"
,,0.9,none,0.605,0.611,4.645,3.682,-0.747,,
V1236 Tau,2.588,18.1,K7_V,0.787,0.788,4.54,3.623,-0.76,,Bayless & Orosz (2006ApJ...651.1155B)
,,1.37,K7_V,0.77,0.817,4.5,3.618,-0.75,,
M4 V66,8.111,16.84,none,0.7842,0.9347,4.388,3.79,0.053,"-1.2
± 0.1","Kaluzny et al. (2013AJ....145...43K)
[Fe/H] comes from membership of globular cluster M4"
,,0.88,none,0.7443,0.8298,4.469,3.774,-0.115,,
M4 V69,48.188,17.01,none,0.7665,0.8655,4.444,3.784,-0.036,"-1.2
± 0.1","Kaluzny et al. (2013AJ....145...43K)
[Fe/H] comes from membership of globular cluster M4"
,,0.9,none,0.7278,0.8074,4.483,3.772,-0.146,,
1SWASP J093010.78+533859.5,1.306,9.84,K1_V,0.766,0.757,4.564,3.699,-0.49,,Koo et al. (2014AJ....147..104K)
,,0.88,K5_V,0.644,0.743,4.505,3.627,-0.8,,
2MASS J12220147-5737565,3.072,12.85,M2e,0.7354,0.976,4.33,3.574,-0.772,,Stassun et al. (arXiv:2211.07899)
,,1.5,M2e,0.668,0.942,4.31,3.562,-0.851,,
V404 CMa,0.452,17.45,none,0.733,0.72,4.608,3.623,-0.867,,"Rozyczka et al. (2009AcA....59..385R)
Rozyczka et al. (2007AcA....57..323R)"
,,1.17,none,0.662,0.68,4.614,3.596,-1.028,,
M55 V54,9.269,18.3,none,0.726,1.006,4.294,3.796,0.14,"-1.86
± 0.15","Kaluzny et al. (2014AcA....64...11K)
Member of the cluster cluster M55"
,,0.56,none,0.555,0.528,4.737,3.701,-0.799,,
ASAS J082552-1622.8,1.528,11.45,K7_V,0.7029,0.694,4.6,3.624,-0.808,,He?miniak & Konacki (2011A&A...526A..29H)
,,1.16,M0_V,0.6872,0.699,4.585,3.611,-0.909,,
NSVS 10653195,0.561,12.5,K6_V,0.6402,0.687,4.57,3.628,-0.863,,Iglesias-Marzoa et al. (2019A&A...627A.153I)
,,1.17,K7_V,0.6511,0.672,4.597,3.613,-0.939,,
GU Boo,0.489,13.7,M1_V,0.61,0.623,4.634,3.593,-1.09,,"López-Morales & Ribas (2005ApJ...631.1120L)
Windmiller, Orosz & Etzel (2010ApJ...712.1003W)"
,,1.5,M1_V,0.599,0.62,4.63,3.581,-1.14,,
YY Gem,0.814,9.07,M1_Ve,0.5975,0.6196,4.63,3.582,-1.134,,Torres & Ribas (2002ApJ...567.1140T)
,,1.49,M1_Ve,0.6009,0.6036,4.655,3.582,-1.134,,
LP 819-72,11,10.54,K5_V,0.59,0.6,4.65,3.605,-1.07,,Maxted & Hutcheon (2018A&A...616A..38M)
,,1.76,K5_V,0.65,0.58,4.72,3.626,-1.01,,
MG1-506664,1.548,16,M1_V,0.584,0.56,4.708,3.572,-1.26,,Kraus et al. (2011ApJ...728...48K)
,,1.4,M2_V,0.544,0.513,4.753,3.558,-1.4,,
MG1-116309,0.827,16.1,K8_V,0.567,0.552,4.708,3.593,-1.19,,Kraus et al. (2011ApJ...728...48K)
,,1.4,M0_V,0.532,0.532,4.712,3.581,-1.27,,
MG1-78457,1.586,17.7,M3_V,0.527,0.505,4.753,3.522,-1.55,,Kraus et al. (2011ApJ...728...48K)
,,1.5,M4_V,0.491,0.471,4.783,3.515,-1.64,,
MG1-646680,1.638,17.3,M1_V,0.499,0.457,4.816,3.572,-1.44,,Kraus et al. (2011ApJ...728...48K)
,,1.4,M2_V,0.443,0.427,4.824,3.56,-1.55,,
THOR 42,0.859,15.17,M3.5,0.497,0.659,4.496,3.518,-1.337,,"Murphy et al. (2020MNRAS.491.4902M)
Pre-main-sequence"
,,1.53,none,0.205,0.424,4.496,3.478,-1.879,,
MG1-2056316,1.722,16.2,M2_V,0.469,0.441,4.82,3.539,-1.6,,Kraus et al. (2011ApJ...728...48K)
,,1.5,M3_V,0.382,0.374,4.874,3.521,-1.82,,
HAT-TR-318-007,3.343,16.13,M4_V,0.448,0.4548,4.774,3.504,-1.715,#ERROR!,Hartman et al. (2018AJ....155..114H)
,,1.32,M5_V,0.2721,0.2913,4.9442,3.491,-2.151,,
CU Cnc,2.771,11.89,M3.5_Ve,0.4333,0.4317,4.804,3.5,-1.778,,Ribas (2003A&A...398..239R)
,,1.4,M3.5_Ve,0.398,0.3908,4.854,3.495,-1.884,,
NGTS 0002-29,1.098,17.64,M,0.3978,0.4037,4.826,3.528,-1.72,#ERROR!,"Smith et al. (2021MNRAS.507.5991S)
Metallicity comes from membership of Blanco 1"
,,1.28,M,0.2245,0.2759,4.908,3.509,-2.12,,
PTFEB 132.707+19.810,6.016,17.89,M3.5_V,0.3953,0.363,4.915,3.513,-1.863,#ERROR!,"Kraus et al. (2017ApJ...845...72K)
[Fe/H] comes from membership of the Praesepe cluster"
,,1.66,M4.3_V,0.2098,0.272,4.891,3.494,-2.3,,
LSPM J1112+7626,41.033,14.85,M4_V,0.3946,0.386,4.861,3.486,-1.92,,Irwin et al. (2011ApJ...742..123I)
,,1.49,none,0.2745,0.2978,4.929,3.47,-2.21,,
UScoCTIO 5,34.001,16.19,M4.5_V,0.3393,0.8733,4.0859,3.515,-1.105,,"David et al. (2019ApJ...872..161D)
Kraus et al. (2015ApJ...807....3K)"
,,1.62,M4.5_V,0.3263,0.8376,4.1053,3.513,-1.146,,
KOI-126 BC,1.722,-1,M,0.2352,0.2545,4.998,3.51,-2.194,"0.15
± 0.08","Yenawine et al. (2022ApJ...924...66Y)
Carter et al. (2011Sci...331..562C)"
,,-1,M,0.2073,0.2315,5.026,3.501,-2.312,,
CM Dra,1.268,12.9,M4.5_V,0.225,0.251,4.9908,3.496,-2.258,"-0.30
± 0.12","Martin et al. (arXiv:2301.10858)
Terrien et al. (2012ApJ...760L...9T)"
,,1.6,M4.5_V,0.2101,0.2375,5.0091,3.494,-2.313,,
TOI-450,10.715,15.2,M4.5_V,0.1768,0.345,4.61,3.492,,,Tofflemire et al. (arXiv:2210.10789)
,,1.5,M4.5_V,0.1767,0.346,4.607,3.492,,,
NGTS J052218.2-250710.4,1.748,16.88,M5_V,0.1739,0.2045,5.057,3.476,,,Casewell et al. (2018MNRAS.481.1897C)
,,1.49,M5_V,0.1742,0.2168,5.007,3.477,,,
EPIC 203710387,2.809,14.3,M4.5V,0.1158,0.4317,4.231,3.483,-1.842,,"David et al. (2019ApJ...872..161D)
David et al. (2016ApJ...816...21D)"
,,1.8,M5V,0.1056,0.4236,4.207,3.483,-1.861,,
